character_id,book_id
1,5
2,1
2,2
2,3
2,5
2,8
3,3
4,5
4,8
5,5
6,5
7,3
8,6
9,5
10,5
11,5
11,8
12,1
12,2
12,3
12,5
12,8
13,1
13,2
13,3
14,5
15,5
15,8
16,1
16,2
16,3
16,5
16,8
17,5
18,5
19,5
19,8
20,1
20,2
20,3
21,3
21,5
21,8
22,5
22,8
23,2
24,5
24,8
25,5
25,8
26,5
26,8
27,1
27,2
27,3
27,5
27,8
27,11
28,5
28,8
29,4
30,7
31,1
31,2
31,3
31,5
31,8
32,6
33,9
33,11
34,5
34,11
35,3
35,6
35,7
36,2
36,3
36,5
37,2
37,3
37,5
37,8
38,1
38,2
38,3
38,4
38,5
38,6
38,7
38,8
38,9
38,11
39,1
39,3
39,5
39,9
39,10
39,11
40,1
40,3
40,4
40,9
40,10
40,11
41,1
41,3
41,4
41,7
41,11
42,1
42,2
42,3
42,5
42,8
42,11
43,11
44,11
45,11
46,1
46,2
46,3
46,4
46,5
46,6
46,7
46,8
46,11
47,5
47,6
47,7
47,8
47,11
48,6
48,11
49,9
49,10
49,11
50,3
50,6
50,7
51,3
52,2
52,3
52,5
52,8
53,2
53,3
53,5
54,1
54,2
54,3
54,4
54,5
54,6
54,7
54,8
55,8
55,9
55,10
55,11
56,1
56,2
56,3
56,5
56,8
57,1
57,11
58,2
58,3
58,4
58,6
58,7
58,8
58,11
59,11
60,1
60,2
60,3
60,8
61,1
61,4
61,6
61,7
61,11
62,1
62,2
62,3
62,5
62,8
62,11
63,5
63,8
64,2
64,3
65,11
66,1
66,2
66,5
66,8
67,1
67,2
67,3
67,5
67,8
68,2
68,3
68,5
69,1
69,2
69,3
69,5
69,8
70,2
70,3
70,5
71,2
71,3
71,5
72,2
72,3
72,8
73,2
73,3
73,5
74,5
75,11
76,9
76,10
76,11
77,3
77,5
77,8
78,2
78,3
79,1
79,2
79,3
79,5
79,8
80,3
81,3
81,5
81,8
82,2
82,3
82,5
82,8
83,7
83,11
84,3
84,5
85,2
85,3
85,5
85,8
86,2
86,3
86,5
87,2
87,3
87,5
88,5
89,1
89,2
89,3
89,5
89,8
90,11
91,5
91,8
91,9
91,11
92,5
93,11
94,3
94,5
95,2
95,3
95,5
96,3
96,5
96,8
97,11
98,11
99,5
99,8
100,3
100,5
100,8
101,11
102,5
103,5
103,8
104,6
105,3
105,10
105,11
106,5
107,1
108,2
108,3
108,5
108,8
109,11
110,11
111,2
111,3
111,5
112,2
112,3
112,5
112,8
113,6
113,7
114,2
114,3
114,5
115,1
115,2
115,3
115,5
115,8
116,1
116,2
116,3
116,5
116,8
117,3
117,5
117,8
118,2
118,3
118,5
118,8
119,2
120,1
120,3
121,4
122,2
122,3
122,5
123,2
123,3
123,5
123,8
124,2
124,3
124,5
124,8
125,1
125,2
125,3
125,5
125,8
126,8
127,2
127,3
128,1
128,11
129,1
129,11
130,1
130,2
130,3
130,8
131,5
132,4
132,6
132,7
133,7
134,5
134,8
135,1
135,2
135,5
136,11
137,1
137,11
138,3
138,5
139,8
140,8
141,3
141,5
141,8
142,1
142,2
142,3
142,5
142,8
142,11
143,2
143,8
143,11
144,11
145,2
145,3
145,5
146,2
146,3
146,5
146,8
147,1
147,2
147,3
147,5
147,8
149,1
149,2
149,3
149,8
150,1
150,2
151,1
151,2
151,3
151,8
152,6
153,2
153,3
153,5
153,8
154,9
154,10
154,11
155,11
156,10
157,9
157,10
157,11
158,2
158,3
158,5
159,3
159,5
160,1
160,3
160,5
160,6
160,8
160,11
161,3
161,4
161,6
161,7
161,11
162,3
162,5
162,8
163,5
164,1
164,2
164,3
164,5
164,8
165,8
165,11
166,5
166,8
167,2
168,1
168,2
168,3
168,5
168,11
169,3
169,5
169,8
169,10
169,11
170,2
170,11
171,1
172,5
172,8
173,2
173,3
173,5
174,5
175,3
175,5
175,8
176,5
176,8
177,2
177,3
177,5
177,8
178,11
179,2
179,3
179,5
179,8
180,2
180,3
180,5
180,8
181,1
181,2
181,3
181,5
181,8
182,2
183,2
184,5
185,5
186,6
187,2
187,3
187,5
188,2
188,3
188,5
188,8
189,2
189,3
189,5
189,8
190,1
190,2
190,3
190,5
190,8
191,5
191,8
192,2
192,7
192,11
193,3
194,1
194,2
194,3
194,5
194,8
195,11
196,5
196,8
197,11
198,1
199,2
199,3
199,5
199,8
200,2
200,3
200,5
200,8
201,5
201,8
202,1
202,2
202,3
202,5
202,8
203,1
203,2
203,3
203,5
203,8
204,2
204,3
204,5
205,5
205,8
206,1
206,2
206,3
206,8
207,2
207,11
208,5
209,1
209,2
209,5
209,8
209,11
210,2
211,1
211,2
212,2
213,1
213,2
214,2
214,3
214,5
214,8
215,5
216,2
216,3
216,8
217,1
217,2
217,3
217,5
217,8
218,2
219,2
219,3
219,5
220,1
220,2
220,8
221,5
222,2
222,3
222,5
222,8
223,1
223,2
223,3
223,5
223,8
224,7
225,1
225,2
225,3
225,5
226,11
227,3
227,5
228,2
228,3
228,5
229,8
230,2
230,3
230,8
231,6
231,11
232,5
232,8
233,5
234,3
235,1
235,2
235,3
235,5
235,8
235,11
236,11
237,2
237,3
237,5
238,1
238,2
238,3
239,11
240,7
241,5
242,9
243,5
243,8
244,5
244,11
245,1
245,3
245,5
245,8
246,5
246,8
247,2
247,3
247,5
247,8
248,6
249,2
250,2
250,3
250,5
251,2
251,3
251,5
251,8
252,2
252,3
252,5
253,9
253,10
253,11
254,2
254,3
255,11
256,11
257,11
258,8
259,1
259,2
259,9
259,11
260,5
261,5
261,8
262,2
262,3
262,5
263,2
263,3
263,5
263,8
264,1
264,2
264,3
264,5
264,8
265,10
265,11
266,6
266,11
267,3
267,6
267,7
267,8
267,11
268,7
268,11
269,9
269,10
269,11
270,5
270,11
271,6
271,8
271,11
272,11
273,1
273,3
273,5
273,6
273,8
273,11
274,1
274,2
274,3
274,4
274,5
274,6
274,7
274,8
274,11
275,9
275,10
275,11
276,2
276,4
276,5
276,7
276,11
277,5
277,8
278,5
278,6
278,7
278,8
279,3
279,5
279,8
280,2
280,3
280,5
280,8
281,5
282,3
282,5
282,8
282,11
283,4
283,7
284,11
285,3
285,5
285,8
286,2
286,3
286,5
287,5
288,2
288,3
288,5
289,5
289,7
289,11
290,3
291,1
291,2
291,3
291,5
291,8
292,1
292,2
292,3
292,8
293,1
293,2
293,8
294,1
294,2
294,3
294,5
294,8
295,2
295,3
295,5
296,2
296,3
296,5
297,2
297,3
297,5
298,3
298,5
298,8
299,3
299,5
300,3
300,5
301,5
302,5
303,1
303,2
303,3
303,5
303,8
304,5
305,5
306,1
306,2
306,3
306,5
307,5
308,2
308,3
308,5
308,8
309,3
309,5
309,8
310,3
311,2
311,3
311,5
312,3
312,5
313,1
313,5
313,8
314,2
314,5
314,8
315,1
315,2
315,3
315,5
315,8
316,5
317,2
317,8
318,4
318,5
319,5
320,2
320,3
320,5
321,2
321,3
321,5
322,2
322,3
323,2
323,3
323,5
323,8
324,2
324,11
325,1
325,2
325,3
325,5
326,1
326,2
326,3
326,5
326,8
327,1
327,2
327,3
327,5
327,8
328,2
329,3
329,5
329,8
329,11
330,3
330,5
330,8
330,11
331,2
331,3
331,5
331,8
332,2
332,3
332,5
333,2
333,11
334,11
335,2
336,2
336,3
336,5
336,8
337,2
337,3
337,5
337,8
338,1
338,2
338,3
338,5
338,8
339,2
339,3
339,5
339,8
339,11
340,2
341,2
341,3
341,5
341,8
342,7
343,5
344,5
345,5
345,8
346,1
346,2
346,3
346,5
346,8
347,1
347,3
347,11
348,1
348,2
348,3
348,5
349,2
349,8
349,11
350,2
351,2
351,11
352,2
352,3
352,5
353,6
354,2
355,5
356,2
356,5
357,2
357,3
357,5
357,8
358,5
359,5
359,8
360,3
360,5
361,1
361,2
361,3
361,5
361,8
362,3
362,5
362,8
363,11
364,3
364,5
364,8
365,3
365,5
366,11
367,5
367,11
368,1
368,2
368,3
368,5
368,8
369,2
369,3
369,5
369,8
370,2
370,3
370,5
371,2
372,3
372,5
373,5
374,3
375,2
375,3
375,5
376,2
377,1
377,2
377,3
377,5
377,8
378,5
379,1
379,2
379,3
380,1
380,2
380,3
380,5
380,8
381,2
381,3
381,5
382,2
382,3
382,5
382,8
383,2
383,3
383,5
384,1
384,2
385,1
385,2
385,3
385,5
385,8
386,9
386,10
387,5
387,8
388,6
389,2
390,5
391,11
392,2
392,3
392,5
392,8
393,1
393,2
393,3
393,5
393,8
394,1
394,2
394,3
394,5
395,11
396,5
396,8
397,1
397,2
397,3
397,5
397,8
398,5
399,7
400,1
400,2
401,1
401,2
401,3
401,5
401,8
402,5
402,8
403,5
403,8
404,2
404,3
404,5
405,1
405,3
405,5
405,8
406,3
406,5
406,8
407,5
408,1
408,2
408,3
408,5
408,8
409,5
410,11
411,2
411,3
411,5
412,4
413,1
413,2
413,3
413,5
413,8
414,2
415,1
415,2
415,3
415,5
415,8
416,3
416,5
416,8
417,2
417,3
417,5
417,8
418,1
418,2
418,3
418,5
418,8
418,11
419,5
419,8
420,5
420,8
421,1
421,2
421,3
422,6
422,11
423,2
423,3
424,3
424,5
424,8
425,11
426,3
426,5
426,8
427,1
428,7
429,5
429,8
430,5
430,8
431,6
431,7
431,11
432,5
433,5
434,2
434,3
434,5
434,8
435,1
436,5
437,4
438,3
438,5
438,8
439,1
439,2
439,3
439,5
439,8
440,5
441,5
442,2
442,3
443,2
443,3
444,5
445,5
445,8
446,2
446,8
447,5
447,6
448,3
449,9
450,5
451,5
452,8
453,3
453,5
453,8
454,5
455,5
456,5
457,6
457,11
458,1
458,2
458,3
458,5
458,8
459,5
460,11
461,1
461,2
461,3
461,5
462,2
462,3
462,5
462,8
463,1
463,2
463,5
464,7
465,3
466,1
466,5
466,8
467,1
467,11
468,5
469,5
470,3
470,5
470,8
471,8
471,11
472,5
472,11
473,5
473,8
474,5
475,1
475,2
475,3
475,5
475,11
476,1
476,2
476,3
476,5
476,8
477,5
477,8
478,6
479,10
480,8
481,9
481,10
481,11
482,5
482,8
483,5
483,8
484,1
484,11
485,3
485,5
486,2
486,3
486,5
487,1
487,2
487,3
487,5
487,8
487,11
488,9
488,10
488,11
489,6
490,1
490,2
490,3
490,5
490,8
491,5
492,11
493,5
494,1
495,8
496,1
496,2
496,3
496,5
496,8
497,11
498,1
498,2
498,3
498,5
498,8
499,3
499,5
499,8
500,2
500,3
500,5
501,1
501,2
501,3
501,5
501,8
502,2
502,3
502,5
503,1
503,2
503,3
503,5
503,8
504,2
504,3
504,5
504,8
505,5
505,8
506,1
506,2
506,3
506,5
506,8
507,2
507,3
508,1
509,5
510,5
510,8
511,3
511,5
512,5
512,8
513,4
513,6
514,4
514,6
515,5
515,8
516,5
516,8
517,5
518,5
519,1
519,2
519,3
519,5
519,8
520,5
521,1
521,2
521,3
521,5
521,8
522,2
522,3
522,5
523,2
523,3
523,5
524,3
524,5
524,8
525,8
525,11
526,1
526,3
526,5
526,8
526,9
526,10
526,11
527,1
527,3
527,8
527,11
528,5
529,1
529,2
530,2
530,3
530,5
530,8
531,1
531,2
531,3
531,5
531,8
532,1
532,2
532,3
532,5
532,8
533,1
533,2
533,3
533,5
533,8
534,2
534,3
535,1
535,2
535,3
535,5
535,8
536,1
536,2
536,3
536,8
537,2
537,3
537,8
538,9
538,10
538,11
539,1
539,2
539,3
539,5
539,8
540,5
541,5
541,8
542,5
543,9
544,2
545,5
546,11
547,1
547,2
547,3
547,5
547,8
548,9
548,10
548,11
549,2
549,3
549,5
550,3
550,5
551,5
552,5
553,2
553,3
553,5
554,11
555,2
555,3
555,5
556,11
557,1
557,2
557,3
557,5
557,8
558,1
559,3
560,3
560,11
561,3
561,5
562,1
562,2
562,3
562,5
562,8
563,3
563,5
564,5
564,8
565,1
565,2
565,3
565,5
565,8
566,7
567,10
569,10
570,11
571,2
571,3
571,5
571,8
572,1
572,2
572,3
572,5
572,8
572,11
573,5
573,8
574,2
574,3
574,5
575,3
575,5
576,3
576,5
576,11
577,2
578,5
579,5
579,8
580,3
580,5
580,8
581,4
582,5
582,8
583,5
584,1
584,11
585,1
585,2
585,3
585,5
585,8
586,1
586,2
586,3
586,5
586,8
587,2
587,3
587,5
588,1
588,3
588,5
588,8
589,2
589,11
590,2
590,3
590,5
591,2
592,3
592,5
593,2
594,5
594,8
595,1
595,2
595,3
595,8
596,4
597,2
597,3
597,5
597,8
598,2
599,3
600,1
600,2
600,3
600,5
600,8
601,5
601,8
602,2
602,3
602,5
603,3
604,1
604,2
604,3
604,5
604,8
605,1
605,2
605,3
605,5
606,3
606,5
607,3
608,2
609,2
609,3
609,5
610,9
610,10
610,11
611,9
611,10
611,11
612,5
612,8
613,1
613,2
613,3
613,5
613,8
614,6
615,1
615,11
616,3
616,5
616,8
616,11
617,2
617,3
617,5
618,9
618,10
619,5
620,5
621,3
621,5
622,1
622,2
622,3
622,5
622,8
623,3
623,4
623,7
623,11
624,3
624,5
625,2
625,3
625,5
625,8
626,3
626,5
627,5
627,8
628,2
628,3
628,5
629,2
629,3
629,5
629,8
630,3
630,5
630,8
631,1
631,3
631,5
631,8
632,1
632,2
632,3
632,5
632,8
633,5
633,8
634,5
635,1
635,2
635,3
635,5
635,8
636,3
636,5
637,5
638,2
638,3
638,5
638,8
639,2
639,3
639,5
639,8
640,1
640,2
640,3
640,5
640,8
641,4
642,8
643,9
644,2
644,8
645,5
645,8
646,9
647,3
647,5
648,11
649,1
649,2
649,3
649,5
649,8
650,1
650,3
651,1
651,2
651,3
651,5
651,8
652,5
653,5
653,8
654,5
654,8
655,6
655,7
656,11
657,3
658,3
658,5
659,2
659,3
659,5
659,8
660,2
660,3
660,5
660,8
661,5
662,3
662,5
662,8
662,11
663,3
663,5
664,3
665,3
665,5
666,3
666,5
667,5
667,8
668,11
669,2
669,3
669,5
670,2
670,3
670,5
671,9
672,1
672,2
673,3
673,5
673,8
674,3
674,5
675,10
676,2
676,3
676,5
676,8
677,1
677,2
677,3
677,5
677,8
678,2
678,3
678,5
678,8
679,4
679,11
680,9
681,5
681,8
682,2
682,3
682,5
682,8
683,3
684,10
685,9
685,11
686,3
686,5
687,5
687,8
688,1
688,2
688,3
688,5
688,8
689,3
689,5
690,2
690,3
690,5
690,8
691,1
691,2
691,3
691,5
691,8
692,1
692,2
692,3
692,5
692,8
693,2
693,3
693,5
694,1
694,3
694,9
694,10
694,11
695,1
695,4
695,6
695,7
695,11
696,9
696,10
696,11
697,3
697,8
697,11
698,11
699,2
699,3
700,2
700,3
700,5
701,1
701,2
701,3
702,4
703,6
704,3
705,5
705,8
706,5
707,5
707,8
708,3
708,5
708,8
709,1
709,4
709,5
709,11
710,2
710,3
710,5
710,8
711,2
711,3
711,5
712,2
712,3
712,5
713,2
713,3
713,5
713,8
714,1
715,5
715,8
716,11
717,2
717,3
718,1
718,2
718,3
718,5
718,8
719,5
719,8
719,11
720,3
720,5
720,8
721,1
721,2
721,3
721,5
721,8
722,3
723,2
723,3
723,5
724,1
724,2
725,1
725,2
725,3
725,5
725,8
726,5
727,2
727,3
727,5
728,8
729,4
729,6
729,7
729,11
730,2
730,3
730,5
731,1
731,2
731,3
731,5
731,8
732,7
733,4
734,1
734,2
735,2
735,3
735,5
735,8
736,3
736,5
736,8
737,11
738,2
738,3
738,5
739,5
739,8
740,2
740,3
740,5
740,8
741,2
741,3
741,5
742,2
742,3
742,5
743,2
743,3
743,5
744,8
744,11
745,3
745,5
746,3
746,5
746,8
747,2
747,3
747,5
748,3
748,5
749,1
749,11
750,2
750,3
750,5
751,1
751,2
751,5
751,8
752,1
752,2
752,3
752,5
752,8
753,5
754,1
754,2
754,3
754,5
754,8
755,1
755,2
755,3
756,2
756,3
757,3
757,5
758,8
759,1
759,11
760,5
760,8
761,2
761,3
762,3
762,5
763,5
764,2
764,3
764,5
764,8
765,2
765,3
765,5
765,8
766,1
766,2
766,3
766,5
766,8
767,3
767,11
768,1
768,2
768,3
768,5
768,8
769,2
769,3
769,5
770,3
770,5
771,3
771,5
772,3
773,11
774,2
774,3
774,5
774,8
775,1
775,2
775,3
775,5
775,8
776,3
776,5
776,8
777,11
778,1
778,2
778,3
778,5
778,8
778,11
779,1
779,11
780,3
780,5
780,8
781,3
781,5
781,8
782,1
782,2
782,4
782,5
782,8
782,11
783,3
783,5
784,1
784,2
784,3
784,5
784,8
785,3
785,5
786,1
786,2
786,3
786,5
786,8
787,5
788,2
788,3
788,5
788,8
789,5
790,5
791,6
792,4
793,5
793,8
794,11
795,8
796,3
796,5
796,8
797,1
797,11
798,5
798,8
799,2
799,3
799,5
799,8
800,2
800,3
800,5
801,2
801,3
801,5
801,8
802,2
802,3
802,5
802,8
803,3
803,5
803,8
803,11
804,3
804,5
804,8
805,1
805,3
805,8
805,11
806,1
806,2
806,3
806,5
806,8
807,4
807,6
807,7
808,3
808,9
808,10
808,11
809,2
809,3
810,5
811,3
811,5
812,2
812,3
813,11
814,1
814,2
814,3
814,5
814,8
815,1
815,2
815,3
815,5
815,8
816,4
817,2
817,3
817,5
818,2
818,3
818,5
818,8
819,2
819,3
819,5
819,8
820,1
820,2
820,3
820,5
820,8
821,6
822,3
822,5
823,1
823,2
823,3
823,5
823,8
824,2
824,3
824,5
825,2
825,3
825,8
826,3
826,5
826,8
827,1
827,2
827,3
827,5
827,8
828,1
828,2
828,3
828,5
829,1
829,2
829,3
829,5
829,8
830,8
831,3
831,5
832,1
832,2
832,3
832,5
832,8
833,11
834,3
835,5
836,5
836,11
837,1
837,3
837,5
837,8
838,3
838,5
839,5
840,5
841,11
842,6
842,7
843,4
844,1
844,2
844,3
844,5
845,5
845,8
846,5
846,8
847,5
847,8
848,3
848,8
849,2
849,3
849,5
849,8
850,1
850,2
850,3
850,5
850,8
851,3
851,5
852,1
852,3
852,5
853,4
854,2
854,3
854,5
854,8
855,3
855,5
856,3
856,5
857,5
857,8
858,3
858,8
859,2
859,11
860,1
860,3
860,5
860,8
861,5
861,8
862,1
862,2
862,3
862,5
862,8
863,2
863,3
863,5
864,6
865,6
865,11
866,2
866,3
866,5
866,8
867,1
867,2
867,3
867,5
867,8
868,4
868,7
868,11
869,1
869,3
869,5
869,8
869,11
870,5
870,8
870,11
871,9
871,10
871,11
872,5
872,11
873,9
873,10
873,11
874,3
874,4
874,5
874,8
874,9
874,10
874,11
875,9
875,10
875,11
876,1
876,2
876,3
876,5
876,8
877,2
877,3
877,5
878,10
878,11
879,5
880,5
881,5
881,8
882,3
883,8
884,1
884,2
884,3
884,5
884,8
885,5
885,8
886,1
886,11
887,1
887,2
887,3
887,8
887,11
888,9
888,11
889,3
889,5
890,2
890,3
890,5
891,1
891,2
891,3
891,8
892,1
892,2
892,3
892,5
893,6
894,1
894,2
894,3
894,5
894,8
895,4
896,2
896,3
897,2
897,3
897,5
898,5
899,2
899,3
899,5
900,2
900,3
900,5
901,1
901,2
901,3
901,5
901,8
901,11
902,3
903,1
903,2
903,3
903,5
903,8
904,5
905,3
906,5
907,5
907,8
908,8
909,1
909,2
909,3
909,5
909,8
910,4
911,11
912,1
912,2
912,3
912,5
912,8
913,1
913,2
913,3
913,5
913,8
914,2
914,3
914,5
914,8
915,5
915,8
916,1
916,11
917,8
917,11
918,2
918,11
919,5
920,11
921,4
921,7
922,2
922,3
922,5
922,8
923,3
923,5
924,5
925,3
925,5
925,8
926,6
927,3
927,5
928,8
929,3
929,5
930,3
931,3
932,2
932,3
932,5
932,8
933,1
933,2
933,3
933,5
933,8
934,5
934,8
935,5
936,5
936,8
937,2
937,3
937,5
937,8
938,2
938,3
938,5
939,5
940,3
941,2
941,3
942,5
943,5
943,8
944,2
944,3
944,5
945,1
945,2
945,3
945,4
945,5
945,10
945,11
946,2
946,3
946,5
947,2
947,3
947,5
948,2
948,3
948,5
949,2
949,3
949,5
950,2
950,3
950,5
950,8
951,10
951,11
952,2
952,3
952,5
953,3
953,5
954,1
954,2
954,8
955,1
955,2
955,3
955,5
955,8
956,2
956,3
956,5
957,8
958,5
959,2
959,3
959,5
960,2
960,3
960,5
960,8
961,2
961,3
961,5
962,8
963,5
963,8
964,6
965,3
965,5
965,8
966,2
966,3
966,5
966,8
967,5
968,2
968,3
968,5
969,1
969,4
969,8
969,11
970,5
970,8
971,11
972,1
972,2
972,3
972,5
972,8
973,3
973,5
973,8
974,3
974,5
975,1
975,2
975,3
975,5
975,8
976,2
976,3
976,5
976,8
977,2
978,5
979,5
979,8
980,5
980,8
981,6
982,6
983,1
983,2
983,3
983,5
984,1
984,2
984,3
984,5
984,8
985,5
986,2
986,3
986,8
986,11
987,9
988,4
989,2
989,3
989,5
990,5
991,3
991,5
992,3
992,5
992,8
993,2
994,1
994,2
994,3
994,5
994,8
995,2
995,3
995,5
995,8
996,3
996,5
997,3
997,5
998,2
998,3
998,5
998,8
999,5
1000,2
1000,3
1000,5
1001,5
1002,5
1002,8
1003,5
1004,2
1004,3
1004,5
1004,8
1005,5
1005,8
1006,3
1006,5
1006,8
1007,5
1008,3
1009,2
1009,3
1009,5
1009,8
1010,1
1010,2
1010,3
1010,5
1010,8
1011,2
1011,3
1011,5
1011,8
1012,5
1013,3
1013,5
1013,8
1014,3
1014,5
1014,8
1014,11
1015,5
1016,5
1017,1
1017,3
1018,5
1018,8
1019,3
1019,5
1020,3
1020,5
1020,8
1021,5
1022,1
1022,3
1022,5
1023,1
1023,2
1023,8
1023,11
1024,2
1024,3
1025,1
1025,2
1025,3
1025,5
1025,8
1026,11
1027,3
1027,5
1027,8
1028,5
1029,1
1029,2
1029,3
1029,5
1029,8
1030,5
1031,5
1031,8
1032,11
1033,1
1033,2
1033,3
1033,5
1033,8
1034,1
1034,2
1034,3
1034,11
1035,5
1035,8
1036,3
1036,5
1036,8
1037,3
1038,3
1039,5
1039,8
1040,3
1040,11
1042,5
1042,8
1043,1
1043,2
1043,3
1043,5
1043,8
1044,1
1045,2
1045,3
1045,5
1046,3
1046,5
1047,5
1047,8
1048,4
1048,6
1048,7
1048,11
1049,1
1049,2
1049,3
1049,5
1049,8
1050,9
1050,10
1050,11
1051,1
1051,2
1051,3
1051,5
1051,8
1052,5
1052,11
1053,2
1053,3
1053,5
1054,2
1054,3
1054,5
1054,8
1055,1
1055,2
1055,3
1055,5
1055,8
1056,2
1056,3
1056,5
1057,3
1057,5
1057,8
1057,11
1058,2
1058,3
1058,5
1058,8
1059,5
1060,6
1061,3
1061,5
1061,8
1062,5
1063,1
1063,2
1063,3
1063,5
1063,8
1064,5
1065,7
1066,10
1067,4
1067,6
1067,7
1068,1
1068,2
1068,3
1069,1
1069,2
1070,11
1071,5
1072,1
1072,2
1072,3
1072,5
1072,11
1073,3
1073,5
1074,1
1074,2
1074,3
1075,3
1075,5
1076,1
1076,9
1076,10
1076,11
1077,1
1077,3
1077,9
1077,10
1077,11
1078,7
1078,8
1078,11
1079,1
1079,2
1079,3
1079,5
1079,8
1079,11
1080,1
1080,2
1080,3
1080,5
1080,8
1081,2
1081,3
1081,5
1082,2
1082,3
1082,5
1083,2
1083,3
1083,5
1084,2
1084,3
1084,5
1084,8
1085,2
1085,3
1085,5
1086,2
1086,3
1086,5
1087,3
1088,2
1088,3
1088,5
1089,1
1089,2
1089,3
1089,5
1089,8
1090,1
1090,2
1090,3
1090,5
1091,1
1091,2
1091,3
1091,5
1091,8
1092,2
1092,3
1092,5
1092,8
1093,1
1093,2
1093,3
1093,5
1093,7
1093,8
1094,2
1094,3
1094,5
1095,2
1095,3
1095,5
1096,1
1096,2
1096,3
1096,5
1096,8
1097,2
1097,3
1097,5
1097,8
1098,5
1098,8
1099,3
1099,8
1099,11
1100,2
1100,3
1100,5
1101,2
1102,2
1102,3
1102,5
1102,8
1103,5
1104,1
1104,2
1104,3
1104,5
1105,2
1105,3
1105,5
1105,8
1106,1
1106,2
1106,3
1106,5
1106,8
1107,1
1107,2
1107,3
1107,5
1107,8
1108,6
1109,2
1110,1
1110,5
1110,8
1111,2
1111,11
1112,5
1113,1
1113,2
1113,3
1113,5
1113,8
1114,1
1114,2
1114,3
1114,8
1115,2
1115,3
1115,5
1115,8
1116,1
1116,2
1116,3
1116,5
1116,8
1117,4
1117,7
1118,2
1118,3
1118,5
1118,8
1119,9
1120,1
1120,5
1121,6
1122,1
1122,2
1122,3
1122,5
1122,8
1123,5
1123,8
1124,1
1124,2
1124,3
1124,5
1124,8
1125,2
1125,3
1125,5
1126,5
1126,8
1127,3
1127,5
1128,5
1129,8
1130,5
1131,1
1131,2
1131,3
1131,5
1131,8
1132,1
1132,2
1132,3
1132,5
1133,5
1133,8
1134,2
1134,3
1134,5
1135,2
1135,3
1135,5
1136,2
1136,3
1136,5
1137,3
1137,5
1137,8
1138,7
1139,3
1140,1
1141,2
1141,8
1142,1
1142,2
1142,3
1142,5
1142,8
1143,5
1144,2
1144,3
1144,5
1144,8
1145,3
1145,5
1146,2
1146,3
1146,5
1146,8
1147,1
1147,2
1147,3
1147,5
1147,8
1148,2
1149,11
1150,5
1150,8
1151,2
1151,3
1151,8
1152,1
1153,2
1154,5
1155,2
1155,3
1155,5
1155,8
1156,5
1157,3
1157,5
1158,1
1158,2
1158,3
1158,8
1159,8
1160,8
1161,2
1161,3
1162,2
1163,5
1164,2
1164,3
1164,5
1164,8
1165,1
1165,3
1165,5
1166,1
1166,2
1166,3
1167,7
1168,5
1169,11
1170,2
1171,2
1172,3
1172,5
1172,8
1173,3
1173,5
1174,3
1175,11
1176,5
1177,2
1177,3
1177,5
1177,8
1178,1
1179,2
1179,3
1179,5
1179,8
1180,8
1181,2
1181,3
1181,11
1182,3
1183,8
1184,2
1184,3
1184,5
1184,8
1185,2
1185,5
1186,2
1186,3
1187,8
1188,1
1188,2
1188,8
1189,8
1190,2
1191,5
1191,8
1192,3
1192,5
1193,1
1194,3
1195,3
1196,2
1196,3
1196,5
1196,8
1197,5
1198,8
1199,3
1200,3
1201,3
1201,5
1202,5
1202,11
1203,5
1204,5
1205,2
1205,3
1205,5
1205,8
1206,5
1207,2
1207,5
1208,8
1209,5
1210,5
1211,5
1212,8
1213,3
1214,1
1215,5
1216,3
1217,2
1217,3
1217,5
1218,8
1219,1
1220,3
1221,3
1221,5
1222,2
1222,3
1222,5
1223,3
1223,5
1223,8
1224,2
1224,3
1225,8
1226,2
1226,5
1227,3
1227,5
1228,1
1229,8
1230,5
1231,3
1231,5
1232,5
1233,3
1233,5
1234,3
1235,8
1236,8
1237,2
1237,3
1238,5
1238,8
1239,11
1240,3
1241,8
1242,5
1242,6
1242,7
1242,8
1242,11
1243,8
1244,2
1244,3
1244,5
1244,8
1245,1
1246,3
1247,1
1248,6
1249,5
1249,8
1250,2
1250,3
1251,2
1252,3
1253,1
1253,2
1253,3
1253,5
1253,8
1254,2
1255,8
1256,5
1257,3
1257,5
1258,5
1259,8
1260,1
1260,2
1261,5
1262,1
1262,2
1262,3
1262,5
1262,8
1263,6
1264,5
1265,1
1265,2
1265,3
1266,1
1266,2
1266,3
1267,1
1267,2
1268,1
1268,2
1268,8
1269,1
1270,2
1270,3
1271,5
1272,2
1273,5
1274,3
1274,5
1274,8
1275,1
1275,2
1275,3
1275,5
1275,8
1276,6
1277,1
1277,2
1277,3
1277,5
1277,8
1278,1
1279,3
1279,5
1279,8
1280,1
1280,2
1280,3
1280,5
1280,8
1281,3
1282,1
1283,2
1283,3
1283,5
1283,8
1284,1
1285,5
1285,8
1286,11
1287,7
1288,5
1289,1
1289,2
1289,3
1289,5
1289,8
1290,5
1291,10
1292,5
1292,8
1293,2
1293,3
1293,5
1293,8
1294,2
1295,3
1295,5
1296,1
1296,2
1296,3
1296,5
1296,8
1297,2
1298,3
1298,5
1298,8
1299,1
1300,5
1301,3
1301,5
1301,8
1303,5
1304,1
1305,2
1305,3
1305,5
1306,2
1306,5
1306,8
1307,5
1308,6
1309,5
1310,2
1310,3
1310,5
1310,8
1311,3
1311,5
1311,8
1312,2
1313,8
1314,3
1315,2
1315,3
1315,5
1315,8
1316,3
1316,8
1317,1
1317,2
1317,3
1317,5
1317,8
1318,9
1319,5
1320,3
1320,5
1321,2
1321,3
1321,5
1321,8
1322,5
1323,3
1324,5
1325,2
1325,3
1325,5
1326,1
1326,2
1326,8
1327,8
1328,8
1329,8
1330,5
1331,3
1331,5
1331,8
1332,2
1333,1
1333,2
1333,8
1334,3
1334,5
1334,8
1335,1
1335,2
1335,3
1335,5
1335,8
1336,1
1337,3
1338,5
1339,5
1339,8
1340,1
1340,2
1340,8
1341,3
1341,5
1341,8
1342,3
1343,8
1344,8
1345,2
1346,1
1346,2
1346,3
1346,8
1347,3
1347,5
1347,8
1348,3
1349,2
1350,2
1350,3
1350,5
1350,8
1351,3
1351,5
1352,1
1352,2
1352,3
1352,5
1352,8
1353,3
1354,5
1354,11
1355,1
1355,2
1355,3
1355,5
1355,8
1356,2
1357,2
1357,8
1358,3
1358,5
1358,8
1358,11
1359,5
1360,2
1361,2
1362,3
1362,5
1362,8
1363,2
1363,3
1363,5
1363,8
1364,3
1364,5
1364,8
1365,8
1366,5
1367,3
1367,5
1367,8
1368,5
1369,3
1369,5
1369,8
1370,2
1371,2
1372,5
1372,8
1373,1
1373,2
1373,8
1374,3
1375,3
1375,11
1376,3
1376,5
1377,3
1377,5
1378,2
1379,5
1380,5
1381,8
1382,5
1382,8
1383,1
1383,2
1383,3
1383,8
1384,3
1385,3
1385,5
1386,5
1386,8
1387,7
1388,11
1389,1
1390,3
1391,5
1392,4
1392,7
1393,2
1393,3
1393,5
1393,8
1394,8
1395,5
1396,1
1396,2
1396,3
1397,8
1398,5
1398,11
1399,5
1399,11
1400,2
1401,3
1402,6
1403,5
1404,3
1405,5
1406,5
1406,8
1406,11
1407,2
1408,5
1409,1
1409,2
1409,3
1409,5
1409,8
1410,1
1410,2
1410,3
1410,5
1410,8
1411,3
1411,6
1411,11
1412,3
1412,5
1412,8
1413,3
1414,5
1414,8
1415,8
1416,2
1416,8
1417,2
1417,3
1417,11
1418,1
1418,2
1418,3
1418,5
1419,3
1419,10
1420,3
1421,5
1421,8
1422,2
1423,8
1424,8
1425,3
1425,8
1426,3
1426,5
1426,8
1427,2
1427,3
1427,5
1427,8
1428,3
1428,5
1428,8
1429,3
1429,5
1429,8
1430,1
1431,8
1432,5
1433,5
1434,1
1434,2
1434,3
1434,5
1434,8
1435,2
1435,3
1435,11
1436,3
1437,3
1438,3
1439,8
1440,8
1441,8
1442,1
1442,2
1442,3
1442,5
1442,8
1443,5
1443,8
1444,1
1444,8
1444,11
1445,3
1445,5
1445,8
1446,5
1447,3
1447,5
1448,3
1449,8
1450,3
1450,5
1450,8
1451,3
1451,5
1451,8
1452,8
1453,1
1453,2
1453,3
1453,5
1454,5
1455,1
1455,3
1456,1
1457,5
1458,9
1458,10
1458,11
1459,5
1460,5
1461,2
1461,8
1462,7
1462,11
1463,1
1464,8
1465,3
1465,5
1465,8
1466,1
1466,2
1466,3
1467,3
1468,1
1468,2
1468,3
1468,5
1468,8
1469,8
1470,1
1471,2
1471,3
1471,5
1472,3
1472,5
1472,8
1473,2
1474,3
1475,3
1475,5
1475,8
1476,8
1477,8
1478,8
1479,2
1479,3
1479,8
1480,5
1481,3
1481,5
1481,8
1482,5
1483,2
1484,2
1485,5
1485,8
1486,5
1487,3
1487,8
1488,1
1488,2
1488,3
1488,5
1488,8
1489,2
1490,8
1491,8
1492,2
1492,5
1492,8
1493,5
1494,3
1494,5
1495,2
1495,3
1495,5
1496,2
1497,3
1497,5
1498,8
1499,1
1500,5
1501,8
1502,1
1502,2
1502,3
1502,5
1502,8
1503,2
1504,5
1505,2
1506,8
1507,3
1507,5
1507,8
1508,2
1508,3
1508,5
1509,3
1509,5
1510,8
1511,5
1511,9
1511,10
1511,11
1512,8
1513,9
1513,11
1514,8
1514,11
1515,1
1515,2
1515,3
1515,8
1516,8
1517,9
1518,3
1518,5
1519,3
1520,1
1520,2
1520,3
1520,5
1520,8
1521,8
1522,2
1522,3
1523,1
1523,2
1523,3
1523,5
1523,8
1524,8
1525,3
1525,5
1526,1
1526,2
1526,3
1526,5
1527,9
1527,10
1527,11
1528,9
1528,10
1529,1
1530,1
1531,1
1531,2
1531,3
1531,5
1531,8
1532,2
1532,3
1532,5
1532,8
1533,3
1533,5
1533,8
1534,5
1535,3
1536,3
1537,8
1538,7
1539,3
1539,5
1539,8
1539,11
1540,1
1540,2
1540,3
1540,5
1540,8
1541,5
1542,6
1543,5
1544,2
1544,3
1544,5
1544,8
1545,11
1546,8
1547,1
1547,2
1547,3
1547,5
1547,8
1548,1
1548,2
1548,3
1548,5
1548,8
1549,1
1549,2
1549,3
1549,5
1549,8
1550,2
1551,1
1551,5
1552,2
1553,5
1554,5
1555,5
1556,5
1557,5
1558,5
1558,11
1559,1
1559,2
1559,3
1559,5
1559,8
1560,1
1560,2
1560,3
1560,5
1560,8
1561,2
1561,3
1561,11
1562,6
1563,5
1564,5
1565,1
1565,2
1566,1
1567,5
1568,1
1568,2
1568,5
1569,3
1570,1
1570,2
1570,3
1570,5
1570,8
1571,2
1571,3
1571,5
1572,5
1572,8
1573,1
1574,3
1574,5
1575,3
1575,5
1576,3
1576,5
1577,3
1577,5
1577,8
1578,2
1578,3
1578,5
1578,8
1579,5
1579,8
1580,3
1580,5
1580,8
1581,3
1582,5
1582,8
1583,2
1584,3
1584,5
1584,8
1585,1
1586,8
1587,3
1588,8
1589,7
1589,11
1590,5
1590,8
1591,7
1592,5
1593,2
1594,3
1594,8
1595,2
1596,1
1597,2
1598,7
1599,3
1600,8
1601,2
1602,1
1602,2
1602,5
1602,8
1603,3
1603,5
1604,3
1604,5
1605,5
1606,2
1606,3
1607,3
1607,5
1607,8
1608,11
1609,8
1610,2
1611,8
1612,3
1612,5
1612,8
1613,3
1613,5
1614,6
1615,3
1615,5
1616,3
1617,3
1617,5
1617,8
1618,3
1618,5
1618,8
1619,3
1619,5
1620,1
1621,3
1621,5
1621,8
1622,8
1623,3
1623,5
1623,8
1624,1
1625,3
1626,2
1626,3
1626,5
1627,1
1627,2
1627,3
1627,5
1627,8
1628,5
1629,3
1630,2
1630,3
1630,5
1630,8
1631,1
1631,11
1632,3
1632,5
1632,8
1633,5
1634,3
1635,2
1636,7
1637,5
1638,2
1639,5
1640,2
1640,3
1640,5
1640,8
1641,7
1642,5
1643,5
1644,5
1645,3
1645,5
1646,8
1647,3
1647,5
1648,8
1649,1
1649,2
1649,3
1649,5
1649,8
1650,1
1650,2
1650,3
1650,8
1650,11
1651,2
1652,2
1653,8
1654,3
1654,5
1655,5
1655,8
1656,3
1657,3
1658,3
1658,5
1658,8
1659,3
1659,5
1660,1
1660,3
1660,5
1660,8
1661,2
1662,1
1663,2
1664,7
1665,1
1666,1
1666,2
1666,3
1666,5
1666,8
1667,2
1667,3
1667,5
1667,8
1668,8
1669,2
1669,3
1669,5
1670,1
1670,2
1670,3
1670,5
1671,8
1672,11
1673,8
1674,1
1674,2
1674,3
1674,5
1674,8
1675,1
1675,3
1675,5
1676,2
1676,3
1676,5
1676,8
1677,1
1677,2
1678,3
1679,2
1680,2
1681,3
1682,1
1682,2
1682,3
1682,5
1682,8
1683,2
1683,3
1683,5
1683,8
1684,3
1684,5
1684,8
1685,3
1685,5
1686,8
1687,2
1688,3
1688,5
1689,5
1690,11
1691,8
1692,3
1693,5
1693,8
1694,7
1695,3
1696,2
1696,3
1696,5
1696,8
1697,1
1697,2
1697,3
1697,5
1697,8
1698,5
1699,10
1700,3
1701,2
1701,3
1701,5
1701,8
1702,5
1703,3
1703,8
1704,3
1704,5
1705,8
1706,1
1706,2
1706,3
1706,5
1706,8
1707,8
1708,1
1708,2
1708,3
1708,5
1708,8
1709,3
1709,5
1709,8
1710,1
1711,5
1712,5
1713,1
1713,2
1713,3
1713,5
1713,8
1714,5
1715,1
1715,2
1715,3
1715,5
1715,8
1716,5
1717,1
1718,11
1719,5
1719,8
1720,8
1721,1
1721,5
1722,2
1723,5
1724,1
1725,1
1725,5
1725,11
1726,7
1727,1
1727,2
1727,3
1727,5
1727,8
1728,8
1729,3
1729,5
1730,3
1731,6
1732,2
1732,3
1732,5
1732,8
1733,3
1733,5
1733,8
1734,2
1735,3
1735,5
1735,8
1736,2
1737,2
1738,5
1739,9
1739,10
1739,11
1740,3
1740,5
1740,8
1741,1
1741,2
1741,3
1741,5
1741,8
1742,1
1742,2
1742,3
1743,5
1743,8
1744,2
1745,8
1746,9
1746,10
1746,11
1747,3
1748,8
1749,1
1749,2
1749,3
1749,5
1749,8
1750,5
1751,5
1752,7
1753,8
1754,2
1754,3
1754,5
1755,1
1755,2
1755,3
1755,5
1755,8
1756,9
1756,11
1757,2
1758,5
1758,8
1759,3
1760,5
1761,3
1761,5
1762,2
1762,3
1762,5
1762,8
1763,5
1764,3
1764,5
1765,5
1765,8
1766,3
1766,5
1766,8
1767,5
1768,3
1768,5
1768,8
1769,3
1769,5
1769,8
1770,1
1770,2
1770,3
1770,5
1770,8
1771,5
1772,1
1773,5
1773,8
1774,3
1775,5
1775,8
1776,3
1776,5
1776,8
1777,3
1777,5
1777,8
1778,2
1778,3
1778,5
1779,5
1780,8
1781,2
1781,3
1781,5
1781,8
1782,3
1782,5
1782,8
1783,3
1783,8
1784,2
1784,3
1784,5
1785,3
1785,5
1785,8
1786,9
1786,11
1787,1
1787,2
1787,3
1787,5
1787,8
1788,5
1789,3
1790,1
1791,2
1791,3
1792,5
1793,5
1794,3
1794,5
1794,8
1795,3
1795,8
1796,2
1796,5
1797,2
1797,3
1797,5
1797,8
1798,5
1798,8
1799,2
1799,3
1799,5
1800,3
1801,6
1802,1
1803,6
1804,3
1805,3
1806,3
1807,2
1807,3
1807,5
1808,3
1808,5
1809,3
1809,8
1810,3
1810,5
1811,2
1811,3
1811,5
1812,4
1813,2
1814,2
1814,3
1814,5
1815,1
1815,2
1815,3
1815,5
1815,8
1816,1
1816,2
1817,5
1818,2
1819,2
1820,2
1821,3
1822,5
1823,7
1824,3
1825,2
1825,3
1825,5
1825,8
1826,1
1826,2
1826,3
1826,5
1826,8
1827,3
1827,5
1828,2
1828,3
1828,5
1828,8
1829,2
1829,5
1830,2
1830,3
1830,5
1830,8
1831,5
1831,8
1832,8
1833,10
1834,8
1835,5
1836,8
1837,1
1838,1
1839,2
1839,3
1839,5
1839,8
1840,1
1840,8
1841,5
1841,8
1842,5
1843,1
1843,2
1843,3
1843,5
1844,2
1844,5
1845,5
1846,5
1847,3
1848,2
1848,3
1848,5
1848,8
1849,2
1850,10
1851,7
1852,2
1852,3
1852,5
1852,8
1853,5
1854,2
1854,3
1854,5
1854,8
1855,1
1856,1
1856,2
1856,3
1856,5
1856,8
1857,5
1857,8
1858,5
1858,8
1859,5
1859,8
1860,3
1861,1
1861,2
1861,3
1862,3
1862,8
1862,11
1863,5
1864,3
1865,5
1866,2
1866,8
1866,11
1867,8
1868,5
1868,8
1869,6
1870,5
1870,8
1871,2
1872,8
1873,1
1873,2
1873,3
1873,5
1874,1
1874,11
1875,1
1875,5
1876,5
1876,8
1877,5
1878,5
1879,6
1880,1
1880,2
1880,3
1880,5
1880,8
1881,5
1882,1
1882,2
1882,3
1882,5
1883,5
1884,9
1884,10
1884,11
1885,3
1886,5
1886,8
1887,5
1888,5
1888,8
1889,6
1889,7
1890,5
1891,6
1891,11
1892,5
1893,2
1894,2
1895,5
1895,8
1896,3
1897,8
1898,5
1899,8
1900,1
1900,2
1900,3
1900,5
1900,8
1901,5
1902,3
1902,5
1903,2
1903,3
1903,5
1904,3
1904,8
1905,11
1906,5
1907,8
1908,11
1909,1
1910,5
1910,8
1911,1
1911,3
1911,5
1912,10
1913,5
1914,8
1915,5
1916,1
1916,2
1916,3
1916,5
1916,8
1917,3
1917,5
1917,8
1918,3
1919,2
1920,2
1920,3
1921,3
1922,3
1922,5
1922,8
1923,5
1923,8
1924,2
1925,2
1925,3
1925,5
1925,8
1926,3
1927,2
1928,6
1929,5
1930,3
1930,5
1930,8
1931,2
1931,3
1931,5
1931,8
1932,3
1933,3
1934,3
1935,1
1935,2
1935,3
1935,5
1935,8
1936,5
1937,8
1938,1
1938,2
1938,3
1938,5
1938,8
1939,1
1939,2
1939,3
1939,5
1939,8
1940,2
1940,3
1940,5
1941,3
1941,5
1942,1
1943,3
1944,6
1944,8
1944,11
1945,5
1946,2
1946,5
1947,2
1947,3
1948,8
1949,8
1950,2
1951,3
1952,2
1952,3
1952,5
1953,5
1954,3
1954,5
1954,8
1955,3
1956,8
1957,3
1957,5
1957,8
1958,8
1959,3
1960,2
1961,8
1962,8
1963,1
1963,2
1963,3
1963,5
1963,8
1964,2
1964,3
1964,5
1964,8
1965,8
1966,4
1966,7
1967,2
1967,3
1967,5
1967,8
1968,1
1969,3
1970,5
1970,8
1971,2
1971,3
1972,3
1972,5
1972,8
1973,2
1974,2
1975,5
1976,1
1976,2
1976,3
1976,4
1976,5
1976,8
1976,11
1977,2
1977,3
1977,8
1978,8
1979,1
1979,2
1979,3
1979,5
1979,8
1980,5
1981,8
1982,5
1983,4
1983,6
1983,7
1984,3
1984,5
1985,5
1986,2
1987,5
1988,3
1989,11
1990,3
1990,5
1991,5
1992,5
1993,3
1993,5
1994,2
1994,3
1994,5
1994,8
1995,8
1996,2
1996,3
1996,5
1996,8
1997,1
1998,5
1999,5
1999,8
2000,8
2001,5
2002,1
2002,2
2002,3
2002,5
2002,8
2003,3
2003,5
2004,5
2005,3
2005,5
2005,8
2006,3
2006,5
2006,8
2007,3
2007,5
2008,1
2008,2
2008,8
2009,1
2009,2
2009,3
2009,8
2010,2
2010,3
2011,5
2012,2
2013,1
2013,2
2013,3
2013,5
2013,8
2014,1
2014,2
2014,3
2014,8
2015,2
2016,3
2016,5
2017,3
2017,5
2018,3
2018,5
2019,2
2020,1
2020,2
2020,3
2020,8
2021,7
2022,3
2022,5
2022,8
2023,8
2024,3
2024,5
2024,8
2025,1
2026,5
2026,8
2027,3
2027,5
2027,8
2028,2
2029,1
2030,2
2030,5
2031,3
2032,3
2032,5
2032,8
2033,5
2033,8
2034,2
2035,3
2036,8
2037,2
2037,5
2038,3
2039,8
2040,8
2041,3
2041,5
2041,8
2042,2
2043,5
2043,8
2044,1
2044,2
2044,3
2044,8
2045,1
2045,2
2045,3
2045,5
2045,8
2046,2
2047,1
2048,9
2048,11
2049,2
2049,3
2049,5
2050,3
2050,5
2050,8
2051,1
2052,3
2053,5
2054,7
2055,5
2056,5
2056,11
2057,2
2058,2
2059,1
2059,11
2060,3
2060,5
2061,2
2063,2
2063,3
2064,5
2065,3
2065,5
2065,8
2066,3
2067,1
2067,2
2067,3
2067,5
2068,1
2069,1
2069,2
2069,3
2069,5
2069,8
2070,3
2071,1
2071,2
2071,3
2071,5
2071,8
2071,11
2072,2
2072,3
2072,5
2072,8
2073,1
2073,2
2073,3
2073,5
2073,8
2074,2
2074,3
2074,5
2075,5
2075,11
2076,1
2077,2
2077,3
2077,5
2077,8
2078,8
2079,6
2080,5
2080,8
2081,5
2082,5
2083,6
2084,6
2085,2
2085,3
2085,5
2085,8
2086,4
2087,3
2088,3
2088,5
2089,1
2090,2
2091,2
2091,3
2091,5
2092,3
2092,5
2093,2
2093,3
2093,5
2094,6
2095,2
2096,2
2097,2
2097,3
2097,5
2097,8
2098,3
2099,3
2100,3
2101,5
2102,7
2103,6
2104,5
2105,6
2106,5
2107,5
2108,8
2109,2
2109,3
2109,5
2109,8
2110,5
2111,2
2112,8
2113,5
2114,1
2115,6
2116,2
2117,5
2117,8
2118,8
2119,1
2120,3
2121,1
2121,3
2122,2
2122,3
2122,5
2122,8
2123,5
2124,8
2125,8
2126,2
2126,3
2126,5
2126,8
2127,5
2128,4
2129,5
2130,4
2131,3
2132,8
2133,5
2134,3
